cluster,feature,median_standardized_value
0,recency_days,-0.5612979159818713
1,recency_days,-0.8010231041396115
2,recency_days,0.48749978220824236
3,recency_days,-0.5712864654884438
0,purchase_frequency,0.06519624987508689
1,purchase_frequency,1.6765837561265229
2,purchase_frequency,-0.9514760723522568
3,purchase_frequency,0.3924916336944462
0,purchase_line_count,0.3271398214612326
1,purchase_line_count,1.3451807815398469
2,purchase_line_count,-0.875730315684345
3,purchase_line_count,0.3763701013346792
0,distinct_products,0.3877958508515565
1,distinct_products,1.1903687446270286
2,distinct_products,-0.8042685527344973
3,distinct_products,0.371289601948473
0,purchase_quantity,0.23474539298389113
1,purchase_quantity,1.3951475147324826
2,purchase_quantity,-0.8473150456187316
3,purchase_quantity,0.385663079533472
0,purchase_value,0.19171198495228958
1,purchase_value,1.4870329727233278
2,purchase_value,-0.9195256593692289
3,purchase_value,0.4013916925791649
0,average_order_value,0.25965789713386084
1,average_order_value,0.5633735948693183
2,average_order_value,-0.6414823233272089
3,average_order_value,0.2040147987765078
0,cancellation_frequency,-0.6326808711143399
1,cancellation_frequency,2.2150328120586273
2,cancellation_frequency,-0.6326808711143399
3,cancellation_frequency,0.5937626563330985
0,cancellation_line_count,-0.6057942284522118
1,cancellation_line_count,2.02322456471595
2,cancellation_line_count,-0.6057942284522118
3,cancellation_line_count,0.7087151681318691
0,distinct_cancelled_products,-0.6105545890645357
1,distinct_cancelled_products,1.9849292214852465
2,distinct_cancelled_products,-0.6105545890645357
3,distinct_cancelled_products,0.7606935812522173
0,cancelled_quantity,-0.5922057744292493
1,cancelled_quantity,1.812572613737326
2,cancelled_quantity,-0.5922057744292493
3,cancelled_quantity,0.7136287285072083
0,cancellation_value,-0.658735284135085
1,cancellation_value,1.7882590278605268
2,cancellation_value,-0.658735284135085
3,cancellation_value,0.9636070790125347
